t_s,I_exp_A,V_exp_V,SOC,Qcell[Ah],T_exp_degC,TopCellTemp[degC]
0,-0.001966269,4.187752342,1,0,25,25
0.005,-19.09706119,4.044292816,0.999993326,-3.00E-05,25,25
5.003,-20.35612885,3.928451167,0.993764157,-0.028061293,25,25
10.003,-20.51474123,3.8985318,0.987455014,-0.056452438,25,25
15.003,-20.62091976,3.879352719,0.981105984,-0.085023073,25,25
20.003,-20.69301629,3.865735572,0.974729438,-0.113717529,25,25
25.004,-20.74676098,3.855378868,0.968333517,-0.142499175,25,25
30.003,-20.7900189,3.847515445,0.961924033,-0.171341852,25,25
35.003,-20.82803344,3.840419185,0.955501475,-0.200243363,25,25
40.003,-20.86080459,3.834665461,0.949067627,-0.229195679,25,25
45.004,-20.89357575,3.828528155,0.942623545,-0.258194047,25,25
50.003,-20.92503605,3.82277443,0.936171068,-0.287230193,25,25
55.003,-20.95584093,3.817404288,0.929707782,-0.316314979,25,25
60.003,-20.98861209,3.8108834,0.923234517,-0.345444673,25,25
65.003,-21.02072782,3.805513257,0.916751362,-0.374618873,25,25
70.004,-21.05480981,3.79899237,0.910257457,-0.403841444,25,25
75.003,-21.08889181,3.793046855,0.903755008,-0.433102462,25,25
80.003,-21.12297381,3.786909549,0.897240175,-0.462419214,25,25
85.004,-21.15836665,3.780388661,0.890715085,-0.491782115,25,25
90.003,-21.1937595,3.774443146,0.884180222,-0.521189002,25,25
95.003,-21.2278415,3.767922259,0.87763381,-0.550647857,25,25
100.004,-21.26913315,3.761017789,0.871074705,-0.580163827,25,25
105.003,-21.30518142,3.754880483,0.864506247,-0.609721887,25,25
110.003,-21.34319595,3.747976014,0.857924637,-0.639339135,25,25
115.003,-21.38252133,3.740687964,0.851330918,-0.669010867,25,25
120.003,-21.42512383,3.733591704,0.844724288,-0.698740704,25,25
125.003,-21.46772633,3.726111862,0.838105506,-0.728525224,25,25
130.003,-21.51098425,3.71863202,0.831472803,-0.758372387,25,25
135.003,-21.55555302,3.710960388,0.824826498,-0.788280757,25,25
140.004,-21.6033989,3.702905174,0.818165539,-0.818255073,25,25
145.004,-21.64796767,3.694658169,0.811490844,-0.848291203,25,25
150.003,-21.69581355,3.686794746,0.804802953,-0.878386712,25,25
155.003,-21.74497028,3.678547741,0.7980981,-0.908558548,25,25
160.003,-21.79216074,3.670684318,0.791379803,-0.938790885,25,25
165.003,-21.84066204,3.662437313,0.784646817,-0.969089323,25,25
170.003,-21.8878525,3.654765681,0.777898557,-0.999456495,25,25
175.003,-21.93504296,3.646710466,0.771135748,-1.029889135,25,25
180.003,-21.98223342,3.639038834,0.764358572,-1.060386427,25,25
185.003,-22.02745761,3.631558992,0.75756792,-1.090944362,25,25
190.003,-22.07464807,3.623503778,0.75076145,-1.121573473,25,25
195.003,-22.11921683,3.6167911,0.743941365,-1.152263858,25,25
200.003,-22.16575187,3.608735886,0.737108557,-1.183011493,25,25
205.003,-22.21097606,3.601447835,0.730259836,-1.213830738,25,25
210.003,-22.25620025,3.594159784,0.723397962,-1.244709173,25,25
215.003,-22.30011359,3.586871734,0.716522109,-1.27565051,25,25
220.003,-22.34730405,3.579391892,0.709631801,-1.306656894,25,25
225.004,-22.39187282,3.572295632,0.702725877,-1.337733553,25,25
230.003,-22.44234039,3.564240418,0.695808591,-1.368861342,25,25
235.003,-22.48756458,3.557144158,0.688874097,-1.400066564,25,25
240.003,-22.53541047,3.549664316,0.681925671,-1.431334478,25,25
245.003,-22.58391177,3.541800893,0.674963103,-1.462666038,25,25
250.003,-22.63372392,3.534321052,0.667984845,-1.494068199,25,25
255.003,-22.68025896,3.526649419,0.660992791,-1.52553244,25,25
260.003,-22.73007111,3.519361368,0.65398482,-1.55706831,25,25
265.003,-22.78184953,3.511497945,0.646961158,-1.588674791,25,25
270.004,-22.83166168,3.503442731,0.639921417,-1.620353621,25,25
275.003,-22.8834401,3.495771099,0.632868363,-1.652092365,25,25
280.003,-22.93521852,3.487907676,0.625797434,-1.683911548,25,25
285.003,-22.98896321,3.47946888,0.618710356,-1.715803398,25,25
290.003,-23.04336332,3.471413666,0.611607521,-1.747766154,25,
295.003,-23.09579717,3.463358452,0.604486531,-1.779810611,25,25
300.003,-23.15281897,3.454919656,0.597349599,-1.811926803,25,25
305.003,-23.20852993,3.44628907,0.590195201,-1.844121596,25,25
310.003,-23.26686258,3.437658483,0.583022846,-1.876397194,25,25
315.003,-23.3271615,3.429027897,0.575831219,-1.908759516,25,25
320.003,-23.38811584,3.419821938,0.568621775,-1.941202013,25,25
325.003,-23.44907019,3.411191351,0.561393987,-1.973727057,25,25
330.003,-23.51330165,3.402177183,0.554146683,-2.006339927,25,25
335.003,-23.57360057,3.392971224,0.546880515,-2.039037684,25,25
340.003,-23.63783202,3.383957056,0.539594978,-2.071822601,25,25
345.003,-23.7053406,3.374751098,0.532288677,-2.104700956,25,25
350.003,-23.76629494,3.365545139,0.524963877,-2.137662554,25,25
355.003,-23.83314809,3.35633918,0.517617086,-2.170723112,25,25
360.003,-23.89737955,3.347325012,0.51025152,-2.20386816,25,25
365.003,-23.96488812,3.338119053,0.502865773,-2.237104022,25,25
370.003,-24.02911958,3.328913094,0.495458805,-2.270435378,25,25
375.003,-24.09531731,3.319707135,0.488032641,-2.303853115,25,25
380.003,-24.16020419,3.310884758,0.480585509,-2.337365208,25,25
385.003,-24.22705734,3.301487008,0.47311887,-2.370965086,25,25
390.004,-24.29391049,3.292664631,0.465630501,-2.404662745,25,25
395.003,-24.35814195,3.283458672,0.458124021,-2.438441906,25,25
400.003,-24.4249951,3.275019876,0.450594757,-2.472323595,25,25
405.004,-24.49315909,3.265813917,0.443044934,-2.506297798,25,25
410.003,-24.56197851,3.25699154,0.435475565,-2.54035996,25,25
415.003,-24.62817624,3.247977372,0.427885036,-2.574517339,25,25
420.003,-24.69830651,3.238771413,0.420273841,-2.608767716,25,25
425.003,-24.76450423,3.229757245,0.41264069,-2.643116896,25,25
430.003,-24.83594535,3.220743077,0.404985505,-2.677565227,25,25
435.003,-24.90607561,3.211345327,0.39730929,-2.712108193,25,25
440.003,-24.97751672,3.202139368,0.389611948,-2.746746232,25,25
445.003,-25.05026868,3.192933409,0.381889988,-2.781495056,25,25
450.003,-25.1276086,3.18353566,0.374146381,-2.816341285,25,25
455.003,-25.20101598,3.173946119,0.366380838,-2.851286228,25,25
460.003,-25.27704505,3.164356579,0.358590076,-2.886344659,25,25
465.003,-25.35504039,3.154575247,0.350775567,-2.921509949,25,25
470.003,-25.43696828,3.144218544,0.342937238,-2.95678243,25,25
475.003,-25.52151785,3.134245421,0.335073082,-2.992171132,25,25
480.003,-25.6027903,3.124080508,0.327183878,-3.027672549,25,25
485.003,-25.69061699,3.113340223,0.319267713,-3.06329529,25,25
490.003,-25.77975453,3.102599938,0.311323086,-3.099046113,25,25
495.003,-25.87413544,3.09128428,0.303351622,-3.1349177,25,25
500.003,-25.97179348,3.079776831,0.295351338,-3.170918978,25,25
505.003,-26.07076236,3.068077592,0.287320105,-3.207059525,25,25
510.003,-26.17628547,3.05580298,0.279258022,-3.243338899,25,25
515.003,-26.28377485,3.043144787,0.271161604,-3.279772781,25,25
520.004,-26.3991293,3.030103011,0.263031497,-3.316358264,25,25
525.003,-26.51513918,3.016485864,0.254867131,-3.353097911,25,25
530.004,-26.6436021,3.002101553,0.246662323,-3.390019545,25,25
535.003,-26.7746867,2.986950079,0.2384192,-3.427113601,25,25
540.003,-26.91560266,2.971415024,0.230134015,-3.464396933,25,25
545.003,-27.0676608,2.954729223,0.221803353,-3.50188491,25,25
550.003,-27.2295503,2.937084468,0.21342361,-3.539593753,25,25
555.003,-27.40782536,2.918097178,0.204992449,-3.577533979,25,25
560.003,-27.60183058,2.897575562,0.19650412,-3.615731458,25,25
565.003,-27.81615392,2.875136037,0.18795235,-3.654214424,25,25
570.003,-28.05669418,2.850203231,0.179330912,-3.693010894,25,25
575.003,-28.33655981,2.822009982,0.170628944,-3.73216975,25,25
580.003,-28.6688593,2.789405545,0.161832124,-3.771755441,25,25
585.003,-29.07391074,2.750088428,0.152923226,-3.811845481,25,25
590.003,-29.60283713,2.700989981,0.143872961,-3.852571675,25,25
595.002,-30.32970129,2.635781106,0.134631679,-3.894157446,25,25
600.003,-31.46882653,2.5398857,0.125107671,-3.93701548,25,25
601.555,-31.96629262,2.499801421,0.122070187,-3.950684161,25,25
601.565,-31.97219143,2.499417839,0.122051259,-3.950769334,25,25
601.677,0,2.872450965,0.122051259,-3.950769334,25,25
601.682,0,2.874944246,0.122051259,-3.950769334,25,25
606.681,0,3.060789541,0.122051259,-3.950769334,25,24.98
611.681,0,3.101640984,0.122051259,-3.950769334,25,24.99
616.681,0,3.121203646,0.122051259,-3.950769334,25,24.99
621.68,0,3.132519304,0.122051259,-3.950769334,25,25
626.68,0,3.139999146,0.122051259,-3.950769334,25,25
631.68,0,3.145369288,0.122051259,-3.950769334,25,25
636.68,0,3.149396895,0.122051259,-3.950769334,25,25
641.68,0,3.152657339,0.122051259,-3.950769334,25,25
646.68,0,3.155342411,0.122051259,-3.950769334,25,25
651.68,0,3.157452109,0.122051259,-3.950769334,25,25
656.68,0,3.159370018,0.122051259,-3.950769334,25,25
661.677,0,3.161096135,0.122051259,-3.950769334,25,25
661.913,-0.001310846,3.161479716,0.12205124,-3.95076942,25,25
661.918,4.759682134,3.195618481,0.122052927,-3.950761828,25,25
666.916,4.639084294,3.232825898,0.12349075,-3.944291627,25,25
671.916,4.612211949,3.251813188,0.124918442,-3.937867009,25,25
676.918,4.590582989,3.266772871,0.126338927,-3.931474831,25,25
681.916,4.572231144,3.280006437,0.127752382,-3.925114282,25,25
686.917,4.556500991,3.291705677,0.129161268,-3.918774292,25,25
691.916,4.540770838,3.302637753,0.130565019,-3.912457415,25,25
696.916,4.527006954,3.312610875,0.131964218,-3.90616102,25,25
701.916,4.513898493,3.322008625,0.133359497,-3.899882263,25,25
706.916,4.501445455,3.330831002,0.134750806,-3.893621373,25,25
711.916,4.490958686,3.339461588,0.13613862,-3.88737621,25,25
716.916,4.479816495,3.347516802,0.137523014,-3.881146437,25,25
721.917,4.469329726,3.354996644,0.138904239,-3.874930924,25,25
726.916,4.460809227,3.362092904,0.140282342,-3.868729461,25,25
731.916,4.451633304,3.368805582,0.141657609,-3.862540759,25,25
736.916,4.443112804,3.37532647,0.14303018,-3.856364191,25,25
741.916,4.435247728,3.381271985,0.1444,-3.850199999,25,25
746.917,4.428038074,3.387025709,0.14576789,-3.844044496,25,25
751.916,4.420172998,3.392395852,0.147133032,-3.837901358,25,25
756.916,4.413618767,3.397382413,0.148496469,-3.831765889,25,25
761.916,4.40771996,3.402177183,0.149857723,-3.825640247,25,25
766.916,4.40116573,3.406780163,0.151217148,-3.819522834,25,25
771.916,4.396577768,3.41080777,0.152574914,-3.813412888,25,25
776.917,4.391334384,3.414643586,0.153930934,-3.807310797,25,25
781.916,4.386091,3.418479402,0.155285246,-3.801216392,25,25
786.916,4.381503038,3.421931637,0.156638458,-3.795126939,25,25
791.916,4.3775705,3.425383871,0.157990047,-3.789044788,25,25
796.916,4.372327116,3.428644315,0.159340432,-3.782968055,25,25
801.917,4.369705424,3.431521177,0.160689599,-3.776896804,25,25
806.916,4.365772885,3.43458983,0.162037448,-3.770831482,25,25
811.917,4.361184924,3.437466692,0.163384158,-3.764771288,25,25
816.917,4.357907809,3.440151764,0.164729651,-3.758716569,25,25
821.916,4.355286117,3.443220417,0.166074068,-3.752666693,25,25
826.917,4.351353578,3.445713697,0.167417499,-3.746621252,25,25
831.916,4.348076463,3.448398769,0.168759714,-3.740581286,25,25
836.916,4.343488502,3.45108384,0.170101021,-3.734545405,25,25
841.916,4.341522233,3.453577121,0.171441236,-3.72851444,25,25
846.916,4.336934271,3.456070401,0.172780639,-3.722487124,25,25
851.916,4.334968002,3.458563682,0.174118994,-3.716464525,25,25
856.916,4.331690887,3.461056962,0.175456306,-3.710446625,25,25
861.916,4.328413772,3.463358452,0.176792688,-3.704432903,25,25
866.917,4.32579208,3.465851732,0.178128279,-3.698422742,25,25
871.916,4.322514965,3.468153222,0.179462824,-3.692417294,25,25
876.916,4.319237849,3.470646503,0.180796465,-3.686415909,25,25
881.916,4.316616157,3.472756202,0.182129124,-3.680418943,25,25
886.917,4.313339042,3.475057691,0.183461231,-3.674424462,25,25
891.916,4.312028196,3.47716739,0.184792215,-3.668435032,25,25
896.916,4.308095658,3.479277089,0.186122497,-3.662448764,25,25
901.916,4.306784812,3.481386788,0.187451942,-3.656466259,25,25
906.916,4.302852273,3.483304696,0.188780822,-3.650486301,25,25
911.916,4.301541427,3.485222604,0.190108778,-3.644510501,25,25
916.917,4.298919735,3.486948722,0.191436074,-3.638537667,25,25
921.916,4.297608889,3.488483048,0.192762587,-3.632568359,25,25
926.917,4.294331774,3.490400956,0.194088706,-3.626600825,25,25
931.916,4.293020928,3.491935283,0.19541388,-3.62063754,25,25
936.916,4.290399235,3.4936614,0.196738712,-3.614675795,25,25
941.916,4.289743812,3.495003936,0.19806285,-3.608717175,25,25
946.916,4.287777543,3.496538262,0.199386428,-3.602761072,25,25
951.917,4.286466697,3.498072589,0.200709569,-3.596806941,25,25
956.916,4.283845005,3.499415124,0.202031928,-3.590856324,25,25
961.916,4.281878736,3.500949451,0.203353893,-3.584907481,25,25
966.916,4.28056789,3.502291986,0.204675353,-3.578960909,25,25
971.916,4.277946198,3.503634522,0.205996208,-3.573017062,25,25
976.916,4.277290775,3.504977058,0.207316458,-3.567075939,25,25
981.917,4.274669082,3.506319593,0.208636536,-3.56113559,25,25
986.916,4.273358236,3.50785392,0.209955677,-3.555199452,25,25
991.916,4.27204739,3.508812874,0.211274641,-3.549264116,25,25
996.916,4.270736544,3.5103472,0.212592834,-3.543332247,25,25
1001.916,4.269425698,3.511689736,0.213910731,-3.537401709,25,25
1006.916,4.267459429,3.513032272,0.215228159,-3.531473284,25,25
1011.916,4.26549316,3.514374807,0.216544804,-3.525548382,25,25
1016.916,4.264182314,3.515525552,0.217861461,-3.519623426,25,25
1021.916,4.262871468,3.516868088,0.219177341,-3.513701965,25,25
1026.916,4.261560622,3.518210624,0.220492619,-3.507783214,25,25
1031.916,4.259594352,3.519361368,0.221807637,-3.501865633,25,25
1036.916,4.258283506,3.520703904,0.223121978,-3.495951099,25,25
1041.916,4.256317237,3.52204644,0.22443597,-3.490038135,25,25
1046.916,4.255006391,3.523388975,0.225749364,-3.484127862,25,25
1051.916,4.253695545,3.52453972,0.227062519,-3.478218664,25,25
1056.916,4.251073853,3.525882256,0.228374912,-3.472312895,25,25
1061.916,4.251073853,3.527224792,0.229686894,-3.466408977,25,25
1066.916,4.247796738,3.528567327,0.230998459,-3.460506933,25,25
1071.916,4.247141315,3.530101654,0.23230932,-3.454608058,25,25
1076.916,4.244519623,3.531252399,0.233619908,-3.448710414,25,25
1081.916,4.243208776,3.532594934,0.234930075,-3.442814661,25,25
1086.916,4.24189793,3.533745679,0.236239647,-3.436921588,25,25
1091.917,4.240587084,3.534896424,0.237548768,-3.431030543,25,25
1096.916,4.239276238,3.536430751,0.23885721,-3.425142554,25,25
1101.916,4.237965392,3.537773286,0.240165236,-3.41925644,25,25
1106.917,4.235999123,3.539115822,0.241473098,-3.413371058,25,25
1111.916,4.2353437,3.540458358,0.242780164,-3.407489261,25,25
1116.917,4.232066585,3.541800893,0.244086896,-3.401608969,25,25
1121.916,4.230755739,3.543143429,0.245392827,-3.395732276,25,25
1126.916,4.22878947,3.544677755,0.246698513,-3.389856691,25,25
1131.916,4.227478623,3.546020291,0.248003588,-3.383983855,25,25
1136.917,4.226167777,3.547362827,0.249308259,-3.378112835,25,25
1141.917,4.224856931,3.548897153,0.250612366,-3.372244354,25,25
1146.916,4.222235239,3.550239689,0.251915986,-3.366378064,25,25
1151.916,4.220924393,3.551582225,0.253218879,-3.360515046,25,25
1156.916,4.218958124,3.553116551,0.254521423,-3.354653598,25,25
1161.916,4.217647278,3.554650878,0.255823429,-3.348794568,25,25
1166.916,4.215681009,3.555993413,0.257124845,-3.342938199,25,25
1171.917,4.214370163,3.55752774,0.258425773,-3.337084022,25,25
1176.916,4.213059316,3.559062066,0.25972602,-3.331232909,25,25
1181.916,4.209782201,3.560596393,0.261025799,-3.325383906,25,25
1186.916,4.209126778,3.561938928,0.2623252,-3.319536598,25,25
1191.917,4.207160509,3.563473255,0.263624142,-3.313691359,25,25
1196.916,4.20519424,3.565007581,0.264922091,-3.307850591,25,25
1201.917,4.203227971,3.566541908,0.266219833,-3.30201075,25,25
1206.916,4.202572548,3.567884443,0.267516829,-3.296174269,25,25
1211.916,4.199950856,3.56941877,0.268813502,-3.290339239,25,25
1216.917,4.19864001,3.571144887,0.270109484,-3.284507322,25,25
1221.916,4.19667374,3.572295632,0.271404806,-3.278678374,25,25
1226.916,4.195362894,3.574021749,0.272699764,-3.272851064,25,25
1231.916,4.192741202,3.575556076,0.273994158,-3.267026288,25,25
1236.916,4.190774933,3.577090402,0.275288234,-3.261202946,25,25
1241.917,4.188808664,3.578432938,0.276581502,-3.255383242,25,25
1246.916,4.188153241,3.579967265,0.277874202,-3.249566093,25,25
1251.916,4.186842395,3.581501591,0.279166253,-3.24375186,25,25
1256.916,4.184220703,3.582844127,0.280457976,-3.237939109,25,25
1261.917,4.182254433,3.584378453,0.281749358,-3.23212789,25,25
1266.917,4.179632741,3.58591278,0.283040024,-3.226319892,25,25
1271.916,4.179632741,3.587255315,0.284330033,-3.22051485,25,25
1276.916,4.176355626,3.588789642,0.285619683,-3.214711424,25,25
1281.916,4.175700203,3.590323968,0.286908818,-3.208910321,25,25
1286.916,4.174389357,3.591858295,0.288197287,-3.203112207,25,25
1291.916,4.172423088,3.593392621,0.289485226,-3.197316485,25,25
1296.916,4.171112242,3.594735157,0.290772795,-3.191522424,25,25
1301.916,4.16849055,3.596077693,0.292059639,-3.185731624,25,25
1306.917,4.167179704,3.597612019,0.293346257,-3.179941842,25,25
1311.916,4.165213434,3.598954555,0.294631923,-3.174156345,25,25
1316.916,4.163247165,3.600488881,0.295917315,-3.168372084,25,25
1321.916,4.161936319,3.601831417,0.297202286,-3.162589712,25,25
1326.916,4.160625473,3.603365743,0.298486611,-3.156810249,25,25
1331.916,4.159314627,3.604708279,0.299770592,-3.151032338,25,25
1336.917,4.156037512,3.606242606,0.301054024,-3.145256892,25,25
1341.916,4.155382089,3.607585141,0.302336768,-3.139484542,25,25
1346.916,4.154071243,3.608927677,0.303619007,-3.133714471,25,25
1351.916,4.152760397,3.610270213,0.304901066,-3.127945204,25,25
1356.916,4.150794127,3.611612748,0.306182433,-3.122179054,25,25
1361.916,4.149483281,3.613147075,0.307463451,-3.116414471,25,25
1366.916,4.148172435,3.61448961,0.308743992,-3.110652038,25,25
1371.916,4.146206166,3.615832146,0.310023785,-3.104892966,25,25
1376.916,4.144239897,3.617174682,0.311303239,-3.099135426,25,25
1381.916,4.143584474,3.618709008,0.312582119,-3.093380466,25,25
1386.916,4.141618205,3.620051544,0.313860572,-3.087627424,25,25
1391.916,4.139651936,3.62139408,0.3151388,-3.081875402,25,25
1396.916,4.13834109,3.622736615,0.316416274,-3.076126767,25,25
1401.916,4.137030244,3.624079151,0.317693279,-3.070380244,25,25
1406.916,4.135063974,3.625421687,0.318969702,-3.064636341,25,25
1411.917,4.133097705,3.626764222,0.320245951,-3.058893221,25,25
1416.916,4.132442282,3.628106758,0.32152139,-3.053153746,25,25
1421.916,4.12982059,3.629641084,0.322796514,-3.047415687,25,25
1426.916,4.12982059,3.63098362,0.324071183,-3.041679675,25,25
1431.916,4.127198898,3.632134365,0.32534513,-3.035946913,25,25
1436.916,4.125888052,3.633476901,0.326618731,-3.03021571,25,25
1441.916,4.123921783,3.635011227,0.327891974,-3.024486119,25,25
1446.916,4.122610937,3.636353763,0.329164746,-3.018758645,25,25
1451.916,4.121300091,3.637696298,0.330437096,-3.013033066,25,25
1456.916,4.119989244,3.638847043,0.331708814,-3.007310338,25,25
1461.916,4.118678398,3.640189579,0.332980489,-3.001587802,25,25
1466.916,4.117367552,3.641532115,0.334251271,-2.99586928,25,25
1471.916,4.115401283,3.64287465,0.335521954,-2.990151209,25,25
1476.916,4.114090437,3.644025395,0.336791878,-2.984436549,25,25
1481.916,4.112779591,3.645559722,0.338061257,-2.978724344,25,25
1486.916,4.110813322,3.646902257,0.33933026,-2.973013832,25,25
1491.917,4.110813322,3.648053002,0.340599045,-2.967304296,25,25
1496.916,4.10819163,3.649587329,0.341867143,-2.961597855,25,25
1501.916,4.106880784,3.650738073,0.343134886,-2.955893012,25,25
1506.916,4.104914514,3.652080609,0.344402065,-2.950190706,25,25
1511.916,4.103603668,3.653423145,0.345668779,-2.944490495,25,25
1516.916,4.102292822,3.65457389,0.346935049,-2.938792279,25,25
1521.916,4.100326553,3.655724635,0.348201117,-2.933094974,25,25
1526.916,4.100326553,3.65706717,0.34946654,-2.927400568,25,25
1531.916,4.097704861,3.658217915,0.350731811,-2.921706851,25,25
1536.916,4.097049438,3.659560451,0.351996542,-2.916015559,25,25
1541.916,4.095083169,3.660711196,0.35326081,-2.910326356,25,25
1546.916,4.093772323,3.662053731,0.354524521,-2.904639656,25,25
1551.916,4.092461477,3.663204476,0.355787789,-2.89895495,25,25
1556.917,4.091150631,3.664355221,0.357050952,-2.893270715,25,25
1561.916,4.089839785,3.665505966,0.358313423,-2.887589596,25,25
1566.917,4.088528938,3.666656711,0.359575609,-2.881909761,25,25
1571.916,4.087873515,3.667999246,0.360837297,-2.876232162,25,25
1576.916,4.086562669,3.6689582,0.362098776,-2.870555507,25,25
1581.916,4.0845964,3.670300736,0.363359701,-2.864881346,25,25
1586.916,4.083940977,3.671451481,0.364620107,-2.859209519,25,25
1591.916,4.082630131,3.672410435,0.365880343,-2.853538457,25,25
1596.916,4.080663862,3.673752971,0.367140115,-2.847869481,25,25
1601.916,4.080008439,3.674711925,0.368399571,-2.842201929,25,25
1606.916,4.078697593,3.67586267,0.369658516,-2.836536676,25,25
1611.916,4.077386747,3.676821624,0.370917361,-2.830871875,25,25
1616.916,4.076731324,3.677972369,0.372175545,-2.825210047,25,25
1621.916,4.075420478,3.678931323,0.373433498,-2.819549259,25,25
1626.916,4.073454208,3.680082067,0.374691089,-2.813890098,25,25
1631.916,4.072798785,3.681232812,0.375948347,-2.80823244,25,25
1636.916,4.071487939,3.682191766,0.377205155,-2.802576802,25,25
1641.916,4.070177093,3.683342511,0.378461489,-2.796923299,25,25
1646.916,4.070177093,3.684109674,0.379717672,-2.791270474,25,25
1651.916,4.068866247,3.685068629,0.380973792,-2.785617937,25,25
1656.916,4.067555401,3.686027583,0.382229336,-2.779967987,25,25
1661.916,4.065589132,3.687178327,0.383484612,-2.774319245,25,25
1666.916,4.064933709,3.688137282,0.384739385,-2.768672766,25,25
1671.916,4.064278286,3.689096236,0.385993824,-2.763027792,25,25
1676.916,4.06296744,3.69005519,0.387248017,-2.757383923,25,25
1681.917,4.061656594,3.691014144,0.388501906,-2.751741424,25,25
1686.916,4.060345748,3.691973098,0.389755366,-2.746100852,25,25
1691.917,4.059690325,3.692932052,0.391008654,-2.740461058,25,25
1696.916,4.059034902,3.693891006,0.392261283,-2.734824227,25,25
1701.916,4.059034902,3.69484996,0.393513951,-2.72918722,25,25
1706.916,4.057068632,3.695808914,0.394766152,-2.723552314,25,25
1711.916,4.055757786,3.696767868,0.396018219,-2.717918013,25,25
1716.916,4.05444694,3.697726822,0.397269793,-2.71228593,25,25
1721.916,4.053136094,3.698685776,0.39852107,-2.706655185,25,25
1726.916,4.052480671,3.69964473,0.399771829,-2.701026768,25,25
1731.916,4.051825248,3.700603684,0.40102247,-2.695398885,25,25
1736.916,4.049858979,3.701562638,0.402272579,-2.689773392,25,25
1741.916,4.048548133,3.702521592,0.40352245,-2.684148974,25,25
1746.916,4.048548133,3.703480546,0.404772099,-2.678525552,25,25
1751.916,4.04789271,3.70424771,0.406021386,-2.672903762,25,25
1756.916,4.046581864,3.705398454,0.407270458,-2.667282937,25,25
1761.916,4.045271018,3.706165618,0.408519293,-2.661663183,25,25
1766.917,4.043960172,3.707124572,0.409767679,-2.656045443,25,25
1771.916,4.042649325,3.708275317,0.411015544,-2.650430052,25,25
1776.916,4.041993902,3.70904248,0.412263321,-2.644815056,25,25
1781.916,4.040683056,3.710001434,0.413510517,-2.639202675,25,25
1786.916,4.03937221,3.711152179,0.414757657,-2.633590545,25,25
1791.916,4.038716787,3.711919342,0.416004285,-2.627980717,25,25
1796.916,4.037405941,3.713070087,0.417250604,-2.622372283,25,25
1801.917,4.036750518,3.714029041,0.418496701,-2.616764847,25,25
1806.916,4.035439672,3.714796204,0.419742255,-2.611159852,25,25
1811.916,4.034128826,3.715946949,0.420987611,-2.60555575,25,25
1816.917,4.033473403,3.716905903,0.422232979,-2.599951594,25,25
1821.916,4.032162557,3.717864857,0.423477544,-2.59435105,25,25
1826.916,4.031507134,3.719015602,0.424721839,-2.588751722,25,25
1831.916,4.030196288,3.719974556,0.425965857,-2.583153645,25,25
1836.916,4.028885442,3.72093351,0.427209513,-2.57755719,25,25
1841.917,4.027574595,3.721892464,0.428452957,-2.571961692,25,25
1846.916,4.026263749,3.722851418,0.42969584,-2.566368718,25,25
1851.916,4.025608326,3.723810372,0.430938661,-2.560776024,25,25
1856.916,4.02429748,3.724961117,0.432180991,-2.555185538,25,25
1861.917,4.02429748,3.725920071,0.433423345,-2.549594948,25,25
1866.916,4.022331211,3.726879025,0.434664954,-2.544007707,25,25
1871.916,4.021020365,3.72802977,0.435906234,-2.538421946,25,25
1876.917,4.020364942,3.729180515,0.437147257,-2.532837344,25,25
1881.916,4.019709519,3.730139469,0.438387915,-2.527254381,25,25
1886.916,4.017087827,3.731098423,0.439628236,-2.52167294,25,25
1891.916,4.017087827,3.732249168,0.440868031,-2.516093861,25,25
1896.917,4.016432404,3.733208122,0.442107988,-2.510514056,25,25
1901.916,4.014466135,3.734358867,0.443347131,-2.504937909,25,25
1906.916,4.013155289,3.735509612,0.444586089,-2.4993626,25,25
1911.916,4.013155289,3.736276775,0.445824725,-2.493788739,25,25
1916.916,4.010533596,3.73742752,0.447062888,-2.488217003,25,25
1921.916,4.009878173,3.738578265,0.448300753,-2.482646611,25,25.01
1926.917,4.00922275,3.739729009,0.449538337,-2.477077481,25,25
1931.916,4.007256481,3.740687964,0.450775216,-2.47151153,25,25
1936.916,4.006601058,3.741838708,0.452012045,-2.465945796,25,25
1941.916,4.005290212,3.742797662,0.453248512,-2.460381696,25,25
1946.917,4.004634789,3.743948407,0.454484808,-2.454818364,25,25
1951.916,4.003323943,3.745099152,0.455720468,-2.449257894,25,25
1956.916,4.00266852,3.746249897,0.456955885,-2.443698516,25,25
1961.916,4.001357674,3.747208851,0.458190881,-2.438141037,25,25
1966.917,4.000046828,3.748359596,0.459425519,-2.432585164,25,25
1971.916,3.998080559,3.749510341,0.46065964,-2.42703162,25,25
1976.916,3.996769712,3.750661086,0.461893571,-2.421478932,25,25
1981.916,3.996114289,3.75162004,0.463127056,-2.415928247,25,25
1986.916,3.994803443,3.752962575,0.464360291,-2.410378691,25,25
1991.916,3.99414802,3.75411332,0.465593201,-2.404830596,25,25
1996.917,3.992181751,3.755072274,0.466825796,-2.399283917,25,25
2001.917,3.991526328,3.756223019,0.468057853,-2.393739663,25,25
2006.917,3.989560059,3.757373764,0.469289395,-2.388197724,25,25
2011.916,3.988249213,3.758524509,0.470520521,-2.382657657,25,25
2016.917,3.986938367,3.759867045,0.471751538,-2.37711808,25,25
2021.916,3.985627521,3.760825999,0.472981848,-2.371581683,25,
2026.916,3.984972098,3.762168534,0.474211923,-2.366046347,25,25
2031.916,3.983661252,3.763319279,0.475441846,-2.360511691,25,25
2036.916,3.983005829,3.764470024,0.476671106,-2.354980022,25,25
2041.917,3.981694983,3.765620769,0.477900406,-2.349448172,25,25
2046.916,3.979728713,3.766771514,0.479128654,-2.343921058,25,25
2051.916,3.979728713,3.767922259,0.480356872,-2.338394077,25,25
2056.917,3.977762444,3.769073003,0.481584858,-2.332868141,25,25
2061.916,3.976451598,3.770415539,0.482812254,-2.327344858,25,25
2066.916,3.974485329,3.771566284,0.484039201,-2.321823597,25,25
2071.917,3.973829906,3.772717029,0.485266133,-2.316302399,25,25
2076.917,3.97251906,3.774059565,0.486492336,-2.310784488,25,25
2081.916,3.970552791,3.775018519,0.487718047,-2.305268787,25,25
2086.916,3.969897368,3.776361054,0.488943579,-2.299753895,25,25
2091.917,3.968586522,3.777511799,0.49016903,-2.294239363,25,25
2096.916,3.967275676,3.778662544,0.491393373,-2.28872982,25,25
2101.916,3.966620253,3.779813289,0.492617974,-2.283219116,25,25
2106.917,3.965309406,3.781155824,0.493842138,-2.277710378,25,25
2111.917,3.964653983,3.782306569,0.495065683,-2.272204425,25,25
2116.917,3.962687714,3.783649105,0.496288754,-2.266700606,25,25
2121.916,3.960721445,3.78479985,0.497511403,-2.261198687,25,25
2126.917,3.960066022,3.786142386,0.498734056,-2.255696749,25,25
2131.917,3.958755176,3.78729313,0.499956043,-2.250197808,25,25
2136.916,3.956133484,3.788635666,0.501177342,-2.244701962,25,25
2141.917,3.955478061,3.789786411,0.502398779,-2.239205494,25,25
2146.916,3.954822638,3.790937156,0.50361939,-2.233712747,25,25
2151.916,3.954167215,3.792279691,0.504839774,-2.228221015,25,25
2156.916,3.952200946,3.793430436,0.506059908,-2.222730412,25,25
2161.916,3.9508901,3.794772972,0.507279574,-2.217241918,25,25
2166.917,3.950234676,3.795923717,0.508498984,-2.211754572,25,25
2171.916,3.948268407,3.797266253,0.509717642,-2.206270612,25,25
2176.917,3.946302138,3.798608788,0.510936161,-2.200787276,25,25
2181.916,3.946302138,3.799759533,0.512154046,-2.195306793,25,25
2186.916,3.943680446,3.801102069,0.513371584,-2.18982787,25,25
2191.916,3.943025023,3.802252814,0.514588755,-2.184350604,25,25
2196.916,3.9423696,3.803403558,0.515805537,-2.178875083,25,25
2201.917,3.940403331,3.804746094,0.517022225,-2.173399986,25,25
2206.917,3.938437062,3.805896839,0.518238259,-2.167927834,25,25
2211.916,3.937781639,3.807239375,0.519453748,-2.162458136,25,25
2216.917,3.937126216,3.80858191,0.520669011,-2.156989448,25,25
2221.916,3.935159947,3.809732655,0.521883709,-2.151523312,25,25
2226.917,3.9338491,3.811075191,0.523098235,-2.146057942,25,25
2231.916,3.933193677,3.812225936,0.524311917,-2.140596373,25,25
2236.917,3.931882831,3.813568471,0.525525767,-2.135134048,25,25
2241.917,3.930571985,3.814719216,0.526739239,-2.129673423,25,25
2246.916,3.928605716,3.816061752,0.527951848,-2.124216685,25,25
2251.916,3.927950293,3.817212497,0.529164195,-2.118761121,25,25
2256.916,3.925984024,3.818555032,0.53037597,-2.113308137,25,25
2261.916,3.925328601,3.819897568,0.531587746,-2.107855145,25,25
2266.917,3.924017755,3.821048313,0.532799158,-2.102403789,25,25
2271.917,3.922706909,3.822199058,0.534010044,-2.0969548,25,25
2276.917,3.92074064,3.823541594,0.53522047,-2.091507885,25,25
2281.917,3.92074064,3.824884129,0.536430509,-2.086062709,25,25
2286.916,3.918118947,3.826034874,0.537639856,-2.080620646,25,25
2291.916,3.917463524,3.82737741,0.538849112,-2.075178996,25,25
2296.917,3.916152678,3.828528155,0.540058005,-2.069738979,25,25
2301.916,3.915497255,3.829678899,0.541266125,-2.064302439,25,25
2306.917,3.913530986,3.831021435,0.542474437,-2.058865034,25,25
2311.917,3.91222014,3.83217218,0.54368203,-2.053430863,25,25
2316.917,3.910909294,3.833514716,0.54488933,-2.047998014,25,25
2321.916,3.909598448,3.834665461,0.546096079,-2.042567645,25,25
2326.917,3.908287602,3.836007996,0.547302847,-2.037137189,25,25
2331.917,3.906976756,3.837350532,0.548508808,-2.031710366,25,25
2336.917,3.90566591,3.838501277,0.549714538,-2.026284577,25,25
2341.917,3.905010487,3.839843812,0.550920012,-2.020859948,25,25
2346.916,3.90369964,3.840802766,0.552124721,-2.015438756,25,25
2351.917,3.903044217,3.842145302,0.55332975,-2.010016125,25,25
2356.916,3.901733371,3.843487838,0.554534032,-2.004596855,25,25
2361.916,3.901077948,3.844638583,0.555738041,-1.999178813,25,25
2366.916,3.899111679,3.845981118,0.556941732,-1.993762206,25,25
2371.916,3.897800833,3.847131863,0.558144874,-1.988348067,25,25
2376.917,3.896489987,3.848474399,0.559347894,-1.982934476,25,25
2381.916,3.895179141,3.849625144,0.560550117,-1.977524471,25,25
2386.916,3.893868295,3.850775889,0.561752031,-1.97211586,25,25
2391.916,3.893212872,3.851926633,0.562953827,-1.96670778,25,25
2396.916,3.89059118,3.853269169,0.564155035,-1.961302344,25,25
2401.917,3.889280334,3.854611705,0.565355822,-1.955898802,25,25
2406.916,3.888624911,3.855570659,0.566556007,-1.950497969,25,25
2411.917,3.887314064,3.857104985,0.567756028,-1.945097875,25,25
2416.917,3.886003218,3.858063939,0.568955406,-1.939700673,25,25
2421.916,3.885347795,3.859406475,0.570154346,-1.934305442,25,25
2426.916,3.882726103,3.86055722,0.571353016,-1.928911428,25,25
2431.917,3.88207068,3.861899756,0.572551595,-1.923517824,25,25
2436.917,3.880759834,3.8630505,0.573749507,-1.91812722,25,25
2441.916,3.879448988,3.864201245,0.574946991,-1.912738539,25,25
2446.917,3.878138142,3.865543781,0.576144381,-1.907350286,25,25
2451.917,3.876171873,3.866694526,0.57734118,-1.901964692,25,25
2456.917,3.87551645,3.868037062,0.57853757,-1.896580936,25,25
2461.917,3.874205604,3.868996016,0.57973365,-1.891198574,25,25
2466.917,3.873550181,3.870338551,0.58092942,-1.885817609,25,25
2471.917,3.872239334,3.871489296,0.582124743,-1.880438657,25,25
2476.916,3.870928488,3.872640041,0.583319592,-1.875061834,25,25
2481.917,3.869617642,3.873982577,0.584514231,-1.869685958,25,25
2486.916,3.868962219,3.875133322,0.585708286,-1.864312713,25,25
2491.917,3.868962219,3.876284066,0.586902573,-1.858938422,25,25
2496.917,3.866340527,3.877434811,0.58809602,-1.853567912,25,25
2501.917,3.865029681,3.878585556,0.589289132,-1.848198905,25,25
2506.916,3.863718835,3.879736301,0.590481792,-1.842831935,25,25
2511.916,3.862407989,3.881078837,0.591674234,-1.837465947,25,25
2516.916,3.861097143,3.882037791,0.592866188,-1.832102154,25,25
2521.917,3.861097143,3.883380326,0.594058039,-1.826738826,25,25
2526.916,3.859786297,3.88433928,0.59524908,-1.821379141,25,25
2531.916,3.858475451,3.885490025,0.59644013,-1.816019416,25,25
2536.916,3.857164604,3.88664077,0.597630708,-1.810661815,25,25
2541.916,3.855198335,3.887983306,0.598821139,-1.805304873,25,25
2546.916,3.853887489,3.889134051,0.600010886,-1.799951012,25,25
2551.917,3.853887489,3.890284796,0.601200726,-1.794596733,25,25
2556.916,3.852576643,3.89143554,0.602389828,-1.789245774,25,25
2561.917,3.85192122,3.892586285,0.603578885,-1.783895015,25,25
2566.917,3.850610374,3.893545239,0.604767439,-1.778546526,25,25
2571.916,3.848644105,3.894887775,0.605955339,-1.773200973,25,25
2576.917,3.847988682,3.895846729,0.607143434,-1.767854547,25,25
2581.916,3.846677836,3.897189265,0.608330774,-1.762511517,25,25
2586.916,3.846022413,3.898148219,0.609518023,-1.757168897,25,25
2591.916,3.844711567,3.899107173,0.610704677,-1.751828953,25,25
2596.918,3.844056144,3.900449708,0.611891629,-1.746487669,25,25
2601.917,3.842745298,3.901408663,0.61307756,-1.741150978,25,25
2606.916,3.841434451,3.902559407,0.614263188,-1.735815655,25,25
2611.916,3.840123605,3.903710152,0.615448625,-1.73048119,25,25
2616.917,3.838812759,3.904669106,0.616633943,-1.725147256,25,25
2621.916,3.838812759,3.906011642,0.617818579,-1.719816393,25,25
2626.916,3.837501913,3.906970596,0.619003071,-1.714486179,25,25
2631.917,3.836191067,3.90792955,0.620187291,-1.709157189,25,25
2636.916,3.834880221,3.909080295,0.621371002,-1.703830492,25,25
2641.916,3.832913952,3.910039249,0.622554486,-1.698504814,25,25
2646.916,3.832913952,3.911189994,0.623737703,-1.693180336,25,25
2651.916,3.831603106,3.912148948,0.624920449,-1.687857979,25,25
2656.916,3.830947683,3.913299693,0.626103077,-1.682536152,25,25
2661.917,3.83029226,3.914258647,0.627285666,-1.677214503,25,25
2666.916,3.828981414,3.915217601,0.628467072,-1.671898176,25,25
2671.916,3.827015145,3.916368346,0.629648758,-1.666580588,25,25
2676.917,3.827015145,3.9173273,0.630830166,-1.661264251,25,25
2681.916,3.825704298,3.918478045,0.632010928,-1.655950823,25,25
2686.916,3.825704298,3.919628789,0.633191825,-1.650636787,25,25
2691.916,3.824393452,3.920395953,0.634372323,-1.645324546,25,25
2696.917,3.823082606,3.921546698,0.635552494,-1.640013777,25,25
2701.916,3.822427183,3.922697442,0.636732177,-1.634705205,25,25
2706.917,3.821116337,3.923464606,0.637911812,-1.629396846,25,25
2711.916,3.820460914,3.92442356,0.639090645,-1.624092095,25,25
2716.917,3.817183799,3.925382514,0.640269765,-1.618786056,25,25
2721.916,3.817839222,3.926341468,0.641448121,-1.613483455,25,25
2726.916,3.816528376,3.927300422,0.642626353,-1.608181412,25,25
2731.917,3.815872953,3.928259376,0.643804448,-1.602879985,25,25
2736.917,3.815872953,3.92921833,0.644982242,-1.597579912,25,25
2741.917,3.81521753,3.930369075,0.646159762,-1.592281072,25,25
2746.917,3.813251261,3.931136238,0.647336926,-1.586983831,25,25
2751.917,3.813251261,3.932286983,0.648513747,-1.581688137,25,25
2756.917,3.811940415,3.933054146,0.649690239,-1.576393926,25,25
2761.916,3.811284991,3.9340131,0.650866441,-1.571101017,25,25
2766.916,3.809318722,3.935163845,0.652042438,-1.565809029,25,25
2771.916,3.808663299,3.935931008,0.653217956,-1.560519196,25,25
2776.917,3.807352453,3.936889962,0.654393583,-1.555228878,25,25
2781.917,3.807352453,3.937848916,0.655568689,-1.549940899,25,25
2786.916,3.806041607,3.938807871,0.65674334,-1.544654971,25,25
2791.916,3.805386184,3.939766825,0.657917878,-1.539369547,25,25
2796.916,3.804730761,3.940725779,0.659092118,-1.534085471,25,25
2801.916,3.803419915,3.941684733,0.6602662,-1.528802099,25,25
2806.917,3.802109069,3.942451896,0.661440175,-1.523519211,25,25
2811.916,3.801453646,3.94341085,0.662613428,-1.518239572,25,25
2816.916,3.800798223,3.944369804,0.663786706,-1.512959824,25,25
2821.916,3.799487377,3.945328758,0.66495957,-1.507681937,25,25
2826.916,3.799487377,3.946095921,0.666132244,-1.502404901,25,25
2831.916,3.797521108,3.947054875,0.667304574,-1.497129416,25,25
2836.916,3.796865685,3.948013829,0.668476568,-1.491855444,25,25
2841.917,3.796210262,3.948972783,0.669648598,-1.486581309,25,25
2846.917,3.796210262,3.949931738,0.670820165,-1.481309259,25,25
2851.917,3.794899415,3.950890692,0.671991365,-1.476038858,25,25
2856.917,3.793588569,3.951849646,0.673162485,-1.470768819,25,25
2861.917,3.792277723,3.952616809,0.674333194,-1.465500626,25,25
2866.916,3.790966877,3.953575763,0.675503536,-1.46023409,25,25
2871.917,3.790966877,3.954534717,0.676673851,-1.454967668,25,25
2876.917,3.789656031,3.955493671,0.677843742,-1.449703161,25,25
2881.917,3.789656031,3.956260834,0.679013453,-1.444439461,25,25
2886.917,3.789000608,3.957219788,0.680182831,-1.43917726,25,25
2891.917,3.786378916,3.958178742,0.681351901,-1.433916444,25,25
2896.917,3.787034339,3.959137696,0.682520835,-1.428656243,25,25
2901.917,3.78506807,3.95990486,0.683689333,-1.423398001,25,25
2906.917,3.78506807,3.960863814,0.684857758,-1.418140091,25,25
2911.917,3.784412647,3.961822768,0.686025796,-1.412883918,25,25
2916.916,3.784412647,3.962781722,0.68719349,-1.407629295,25,25
2921.916,3.782446378,3.963740676,0.688360936,-1.402375787,25,25
2926.916,3.781790955,3.964507839,0.689528149,-1.39712333,25,25
2931.917,3.780480109,3.965466793,0.690695236,-1.39187144,25,25
2936.916,3.779169262,3.966425747,0.691861814,-1.386621836,25,25
2941.917,3.778513839,3.967384701,0.693028339,-1.381372476,25,25
2946.917,3.777858416,3.968343655,0.694194379,-1.376125294,25,25
2951.916,3.777202993,3.969302609,0.695360087,-1.37087961,25,25
2956.917,3.775892147,3.970261563,0.696525778,-1.365633999,25,25
2961.917,3.774581301,3.971220517,0.697691081,-1.360390134,25,25
2966.917,3.773925878,3.972179472,0.698856059,-1.355147734,25,25
2971.917,3.772615032,3.973138426,0.700020935,-1.349905793,25,25
2976.917,3.773270455,3.97409738,0.701185376,-1.344665808,25,25
2981.917,3.770648763,3.975056334,0.702349491,-1.339427291,25,25
2986.917,3.76999334,3.976015288,0.703513242,-1.334190411,25,25
2991.917,3.769337917,3.976974242,0.704676782,-1.328954479,25,25
2996.917,3.768682494,3.977933196,0.705840206,-1.323719074,25,25
3001.917,3.768027071,3.979083941,0.707003377,-1.318484805,25,25
3006.917,3.766716225,3.980042895,0.708165921,-1.313253357,25,25
3011.917,3.765405379,3.981001849,0.709328353,-1.308022413,25,25
3016.917,3.764749955,3.981960803,0.710490387,-1.302793256,25,25
3021.917,3.764094532,3.983111548,0.71165238,-1.297564288,25,25
3026.917,3.764094532,3.984070502,0.712813767,-1.292338051,25,25
3031.916,3.762128263,3.985029456,0.713975073,-1.287112171,25,25
3036.917,3.760161994,3.986180201,0.715136041,-1.281887817,25,25
3041.917,3.760161994,3.987330946,0.716296735,-1.276664694,25,25
3046.917,3.758851148,3.9882899,0.717457099,-1.271443054,25,25
3051.917,3.756884879,3.989440644,0.718617014,-1.266223436,25,25
3056.917,3.756884879,3.990399598,0.719776794,-1.261004427,25,25
3061.917,3.75491861,3.991550343,0.720935977,-1.255788103,25,25
3066.917,3.754263187,3.992701088,0.722095014,-1.250572436,25,25
3071.916,3.754263187,3.993660042,0.723253585,-1.245358868,25,25
3076.916,3.752952341,3.994810787,0.724412217,-1.240145025,25,25
3081.917,3.752296918,3.995961532,0.725570493,-1.234932782,25,25
3086.917,3.750986072,3.997112277,0.726728286,-1.229722714,25,25
3091.917,3.749675226,3.998263022,0.72788578,-1.224513988,25,25
3096.916,3.748364379,3.999221976,0.729042771,-1.219307532,25,25
3101.916,3.747708956,4.000564511,0.730199528,-1.214102125,25,25
3106.917,3.74639811,4.001715256,0.73135614,-1.208897371,25,25
3111.917,3.745087264,4.002866001,0.732512299,-1.203694656,25,25
3116.917,3.744431841,4.004016746,0.733667974,-1.198494116,25,25
3121.917,3.742465572,4.005359282,0.734823533,-1.193294103,25,25
3126.916,3.741810149,4.006510027,0.735978565,-1.188096457,25,25
3131.916,3.741154726,4.007660771,0.737133328,-1.182900022,25,25
3136.916,3.73984388,4.008811516,0.738287686,-1.177705414,25,25
3141.916,3.739188457,4.010154052,0.739441589,-1.172512848,25,25
3146.916,3.737222188,4.011304797,0.740595271,-1.167321282,25,25
3151.916,3.735255919,4.012647332,0.74174861,-1.162131253,25,25
3156.917,3.735255919,4.013989868,0.742901709,-1.156942311,25,25
3161.916,3.733945072,4.015140613,0.744054052,-1.151756768,25,25
3166.916,3.732634226,4.016483149,0.74520656,-1.146570478,25,25
3171.916,3.73132338,4.017633894,0.746358442,-1.141387011,25,25
3176.916,3.730012534,4.018976429,0.74751002,-1.136204911,25,
3181.916,3.729357111,4.020318965,0.748661175,-1.13102471,25,25
3186.917,3.726735419,4.02146971,0.749812063,-1.125845714,25,25
3191.917,3.726735419,4.022812245,0.750962375,-1.120669312,25,25
3196.916,3.72476915,4.024154781,0.752112012,-1.115495948,25,25
3201.917,3.72476915,4.025497317,0.753261817,-1.110321824,25,25
3206.917,3.722802881,4.026839852,0.754411147,-1.105149837,25,25
3211.917,3.722147458,4.028182388,0.755559992,-1.099980036,25,25
3216.917,3.721492035,4.029524924,0.756708675,-1.094810963,25,25
3221.916,3.720181189,4.030675669,0.757856466,-1.089645903,25,25
3226.916,3.718214919,4.032209995,0.759004331,-1.084480511,25,25
3231.916,3.71624865,4.033552531,0.76015177,-1.079317037,25,25
3236.916,3.715593227,4.034895066,0.761298715,-1.074155781,25,25
3241.916,3.714282381,4.036429393,0.76244518,-1.068996688,25,25
3246.916,3.712316112,4.037771929,0.763591193,-1.063839632,25,25
3251.916,3.711660689,4.039114464,0.764736851,-1.05868417,25,25
3256.916,3.710349843,4.040457,0.76588239,-1.053529246,25,25
3261.916,3.709038997,4.041799536,0.767027356,-1.048376899,25,25
3266.916,3.707072728,4.043142071,0.768171806,-1.043226874,25,25
3271.916,3.705761882,4.044868189,0.769315959,-1.038078182,25,25
3276.916,3.705761882,4.046210724,0.770459616,-1.032931726,25,25
3281.917,3.702484766,4.04755326,0.771603071,-1.02778618,25,25
3286.916,3.702484766,4.048895796,0.772745899,-1.022643453,25,25
3291.917,3.70117392,4.050430122,0.77388854,-1.017501568,25,25
3296.917,3.70117392,4.051964449,0.775030783,-1.012361475,25,25
3301.916,3.698552228,4.053306984,0.776172587,-1.007223357,25,25
3306.916,3.698552228,4.05464952,0.777314077,-1.002086655,25,25
3311.916,3.696585959,4.056183846,0.778455036,-0.99695234,25,25
3316.916,3.695275113,4.057526382,0.779595556,-0.991819997,25,25
3321.916,3.693308844,4.058868918,0.780735783,-0.986688978,25,25
3326.916,3.692653421,4.060403244,0.781875471,-0.981560381,25,25
3331.916,3.690687152,4.061937571,0.78301482,-0.976433309,25,25
3336.916,3.690031729,4.063280106,0.784153873,-0.97130757,25,25
3341.916,3.68806546,4.064622642,0.785292537,-0.966183584,25,25
3346.916,3.686754613,4.066156969,0.786430547,-0.96106254,25,25
3351.917,3.685443767,4.067691295,0.787568381,-0.955942287,25,25
3356.916,3.68609919,4.069033831,0.788705712,-0.950824296,25,25
3361.916,3.683477498,4.070376366,0.789842788,-0.945707455,25,25
3366.916,3.682166652,4.071718902,0.790979291,-0.940593191,25,25
3371.916,3.680855806,4.073061438,0.792115604,-0.935479784,25,25
3376.916,3.67954496,4.074595764,0.793251494,-0.930368275,25,25
3381.916,3.678889537,4.0759383,0.794387018,-0.92525842,25,25
3386.916,3.676923268,4.077280836,0.795522056,-0.920150747,25,25
3391.917,3.675612422,4.078815162,0.796656898,-0.915043958,25,25
3396.916,3.673646153,4.080157698,0.797790936,-0.90994079,25,25
3401.916,3.67299073,4.081500233,0.798924728,-0.904838725,25,25
3406.916,3.672335307,4.082842769,0.800058237,-0.899737932,25,25
3411.916,3.670369037,4.084185305,0.80119147,-0.894638387,25,25
3416.917,3.669713614,4.08552784,0.802324504,-0.889539733,25,25
3421.916,3.668402768,4.086870376,0.803456728,-0.884444724,25,25
3426.915,3.666436499,4.088212912,0.8045886,-0.879351302,25,25
3431.916,3.665125653,4.089363657,0.805720403,-0.874258186,25,25
3436.916,3.663814807,4.090706192,0.806851571,-0.869167933,25,25
3441.916,3.663159384,4.092240519,0.807982331,-0.864079511,25,25
3446.916,3.661848538,4.093391264,0.809112874,-0.858992067,25,25
3451.916,3.659882269,4.094733799,0.810242751,-0.853907618,25,25
3456.916,3.660537692,4.096076335,0.811372566,-0.848823453,25,25
3461.916,3.658571423,4.097418871,0.812501965,-0.843741156,25,25
3466.916,3.657916,4.098569615,0.81363104,-0.838660322,25,25
3471.916,3.656605153,4.09972036,0.814759878,-0.833580551,25,25
3476.916,3.654638884,4.101254687,0.815888185,-0.828503168,25,25
3481.916,3.653983461,4.102405432,0.817016256,-0.823426849,25,25.01
3486.916,3.653983461,4.103747967,0.81814395,-0.818352225,25,25
3491.916,3.652017192,4.104898712,0.819271514,-0.813278187,25,25
3496.916,3.650706346,4.106049457,0.820398479,-0.808206842,25,25
3501.916,3.650706346,4.107200202,0.821525321,-0.803136057,25,25
3506.916,3.648740077,4.108350947,0.822651602,-0.798067792,25,25
3511.916,3.648740077,4.109693482,0.823777879,-0.792999544,25,25
3516.916,3.646773808,4.110652437,0.824903875,-0.787932564,25,25
3521.916,3.646118385,4.111611391,0.826029246,-0.782868393,25,25
3526.917,3.644807539,4.112762135,0.827154603,-0.777804286,25,25
3531.917,3.643496693,4.11391288,0.828279491,-0.772742292,25,25
3536.916,3.642185847,4.115063625,0.829403973,-0.76768212,25,25
3541.916,3.641530424,4.11621437,0.830528254,-0.762622856,25,25
3546.916,3.641530424,4.117173324,0.831652214,-0.757565037,25,25
3551.916,3.640875,4.118324069,0.832775954,-0.752508206,25,25
3556.916,3.639564154,4.119474814,0.833899495,-0.747452271,25,25
3561.916,3.638908731,4.120241977,0.835022576,-0.742398408,25,25
3566.915,3.638253308,4.121200931,0.836145375,-0.737345814,25,25
3571.916,3.636287039,4.122159885,0.837268208,-0.732293065,25,25
3576.916,3.636287039,4.122927048,0.838390494,-0.727242776,25,25
3581.916,3.634976193,4.124077793,0.839512529,-0.722193619,25,25
3586.916,3.634976193,4.124844956,0.840634458,-0.71714494,25,25
3591.916,3.633009924,4.125803911,0.841756118,-0.712097467,25,25
3596.916,3.632354501,4.126571074,0.842877421,-0.707051604,25,25
3601.916,3.632354501,4.127338237,0.843998729,-0.702005717,25,25
3606.916,3.631043655,4.1281054,0.845119593,-0.696961833,25,25
3611.916,3.631043655,4.129064354,0.846240312,-0.691918594,25,25
3616.916,3.629732809,4.129831518,0.847360879,-0.686876043,25,25
3621.916,3.629077386,4.13040689,0.848481192,-0.681834635,25,25
3626.916,3.628421963,4.131174053,0.849601294,-0.676794177,25,25
3631.916,3.62776654,4.131941216,0.850720978,-0.671755598,25,25
3636.916,3.62776654,4.13270838,0.851840794,-0.666716429,25,25
3641.916,3.625800271,4.133475543,0.852960174,-0.661679219,25,25
3646.916,3.626455694,4.133859125,0.854079504,-0.656642233,25,25
3651.916,3.625144847,4.134626288,0.855198696,-0.651605866,25,25
3656.916,3.625144847,4.135009869,0.856317675,-0.646570462,25,25
3661.916,3.625144847,4.135968823,0.857436511,-0.641535703,25,25
3666.916,3.623178578,4.136544196,0.858555229,-0.636501469,25,25
3671.917,3.624489424,4.136927778,0.859673918,-0.631467368,25,25
3676.917,3.623178578,4.137694941,0.860792193,-0.626435132,25,25
3681.916,3.622523155,4.138270313,0.861910133,-0.621404401,25,25
3686.916,3.621867732,4.138653895,0.863028131,-0.616373413,25,25
3691.916,3.621212309,4.139421058,0.864145954,-0.611343205,25,25
3696.916,3.620556886,4.13980464,0.865263838,-0.606312729,25,25
3701.916,3.620556886,4.140380012,0.866381455,-0.601283454,25,25
3706.916,3.619901463,4.140955385,0.86749874,-0.596255668,25,25
3711.917,3.620556886,4.141530757,0.868616101,-0.591227547,25,25
3716.916,3.61924604,4.142106129,0.869733037,-0.586201332,25,25
3721.916,3.618590617,4.142489711,0.87085016,-0.581174281,25,25
3726.917,3.617279771,4.143065083,0.871967197,-0.576147612,25,25
3731.916,3.617935194,4.143640456,0.873083718,-0.571123268,25,25
3736.916,3.616624348,4.144215828,0.874200123,-0.566099445,25,25
3741.916,3.617279771,4.14459941,0.87531645,-0.561075974,25,25
3746.916,3.616624348,4.145174782,0.87643282,-0.556052309,25,25
3751.916,3.616624348,4.145558364,0.877549053,-0.55102926,25,25
3756.916,3.615313502,4.146133736,0.878665071,-0.546007182,25,25
3761.917,3.615968925,4.146709109,0.879781162,-0.540984769,25,25
3766.916,3.614658079,4.14709269,0.880896752,-0.535964616,25,25
3771.916,3.614658079,4.147668063,0.882012338,-0.530944478,25,25
3776.916,3.614002656,4.148243435,0.883127905,-0.525924428,25,25
3781.916,3.614002656,4.148818808,0.884243161,-0.520905776,25,25
3786.916,3.61269181,4.149202389,0.885358501,-0.515886745,25,25
3791.916,3.61269181,4.149969553,0.886473419,-0.510869614,25,25
3796.916,3.611380964,4.150161343,0.887588305,-0.505852628,25,25
3801.916,3.611380964,4.150928507,0.888702906,-0.500836921,25,25
3806.916,3.610070117,4.151312088,0.889817408,-0.495821666,25,25
3811.916,3.610725541,4.151887461,0.890931837,-0.490806733,25,25
3816.917,3.610725541,4.152462833,0.892046323,-0.485791547,25,25
3821.916,3.610070117,4.152846415,0.893160337,-0.480778485,25,25
3826.916,3.608759271,4.153421787,0.894274473,-0.475764871,25,25
3831.916,3.608759271,4.15418895,0.895388331,-0.470752512,25,25
3836.916,3.608759271,4.154572532,0.896501988,-0.465741054,25,25
3841.916,3.607448425,4.155147905,0.897615691,-0.46072939,25,25
3846.916,3.608103848,4.155723277,0.89872921,-0.455718555,25,25
3851.916,3.606793002,4.156298649,0.899842493,-0.450708784,25,25
3856.916,3.606793002,4.156682231,0.900955607,-0.445699767,25,25
3861.916,3.606137579,4.157641185,0.902068673,-0.440690972,25,25
3866.917,3.606793002,4.158024767,0.903181692,-0.435682385,25,25
3871.916,3.604826733,4.158600139,0.904294352,-0.430675417,25,25
3876.916,3.603515887,4.159175512,0.905407085,-0.425668117,25,25
3881.916,3.60417131,4.159750884,0.906519386,-0.420662764,25,25
3886.916,3.603515887,4.160134466,0.907631628,-0.415657675,25,25
3891.916,3.602860464,4.16109342,0.908743655,-0.410653554,25,25
3896.916,3.602205041,4.161477001,0.909855462,-0.405650419,25,25
3901.916,3.600894195,4.162244164,0.910967169,-0.400647742,25,25
3906.916,3.602205041,4.162819537,0.912078651,-0.39564607,25,25
3911.916,3.600894195,4.1635867,0.913190163,-0.390644265,25,25
3916.916,3.600238772,4.163970282,0.914301374,-0.385643817,25,25
3921.917,3.598927926,4.164737445,0.915412489,-0.380643798,25,25
3926.916,3.598272503,4.165504608,0.916523142,-0.375645861,25,25
3931.916,3.598927926,4.166271772,0.917633747,-0.370648137,25,25
3936.916,3.598272503,4.166847144,0.918744341,-0.365650463,25,25
3941.916,3.59761708,4.167614307,0.919854685,-0.360653917,25,25
3946.916,3.596961657,4.16838147,0.920964845,-0.355658197,25,25
3951.916,3.596961657,4.169148634,0.922074833,-0.350663249,25,25
3956.916,3.595650811,4.169915797,0.923184603,-0.345669285,25,25
3961.916,3.595650811,4.17068296,0.924294251,-0.340675869,25,25
3966.916,3.593684541,4.171258333,0.925403472,-0.335684377,25,25
3971.916,3.593029118,4.172025496,0.926512681,-0.330692936,25,25
3976.916,3.593029118,4.172792659,0.927621554,-0.325703008,25,25
3981.917,3.592373695,4.173559822,0.92873057,-0.320712435,25,25
3986.916,3.591062849,4.174518776,0.929838793,-0.31572543,25,25
3991.917,3.589752003,4.17528594,0.930947246,-0.310737394,25,25
3996.916,3.58909658,4.176244894,0.932055079,-0.305752147,25,25
4001.917,3.58909658,4.177203848,0.933163059,-0.300766234,25,25
4006.916,3.587785734,4.177971011,0.934270416,-0.295783128,25,25
4011.916,3.587130311,4.178929965,0.935377668,-0.290800493,25,25
4016.916,3.585819465,4.18008071,0.936484887,-0.28581801,25,25
4021.917,3.587130311,4.180847873,0.937591811,-0.280836849,25,25
4026.916,3.584508619,4.181998618,0.938698412,-0.275857144,25,25
4031.916,3.584508619,4.182765781,0.939804748,-0.270878635,25,25
4036.916,3.583197773,4.183916526,0.940910649,-0.265902079,25,25
4041.916,3.581886927,4.185067271,0.942016506,-0.260925721,25,25
4046.916,3.581886927,4.186026225,0.943121973,-0.255951122,25,25
4051.916,3.580576081,4.18717697,0.944227389,-0.250976751,25,25
4056.916,3.579920658,4.188327715,0.945332425,-0.246004089,25,25
4061.916,3.579265234,4.18947846,0.946437254,-0.241032355,25,25
4066.917,3.577954388,4.190629204,0.947541762,-0.236062069,25,25
4071.916,3.576643542,4.191588158,0.948645649,-0.231094581,25,25
4076.916,3.575988119,4.192930694,0.949749484,-0.226127323,25,25
4081.917,3.575332696,4.19427323,0.950853164,-0.221160762,25,25
4086.916,3.57402185,4.195615765,0.951956255,-0.21619685,25,25
4091.916,3.573366427,4.19676651,0.953059191,-0.211233643,25,25
4096.916,3.571400158,4.198300837,0.954161672,-0.206272474,25,25
4101.916,3.570089312,4.199451582,0.955263709,-0.20131331,25,25
4103.878,3.570089312,4.200218745,0.95569612,-0.199367458,25,25
4103.888,3.570089312,4.200218745,0.955698273,-0.199357772,25,25
4103.895,3.556980851,4.200410536,0.95569974,-0.199351172,25,25
4108.892,3.429173358,4.200026954,0.956777262,-0.194502321,25,25
4113.891,3.325616517,4.200026954,0.957819574,-0.189811915,25,25
4118.891,3.243033214,4.200026954,0.958833553,-0.185249009,25,25
4123.892,3.150618565,4.200026954,0.959819582,-0.18081188,25,25
4128.891,3.079177453,4.200026954,0.960780583,-0.176487376,25,25
4133.892,3.001182111,4.200026954,0.961719122,-0.172263952,25,25
4138.892,2.931051846,4.200026954,0.962634201,-0.168146097,25,25
4143.891,2.855678196,4.200026954,0.963527294,-0.164127177,25,25
4148.892,2.790135891,4.200026954,0.964399527,-0.160202127,25,25
4153.891,2.724593587,4.200026954,0.965250468,-0.156372892,25,25
4158.892,2.659706706,4.200026954,0.96608099,-0.152635545,25,25
4163.892,2.592853556,4.200026954,0.966892038,-0.14898583,25,25
4168.892,2.53124379,4.200026954,0.967683435,-0.145424542,25,25
4173.891,2.469634024,4.200026954,0.968455678,-0.14194945,25,25
4178.892,2.408679681,4.200026954,0.969208532,-0.138561607,25,25
4183.892,2.352968722,4.200026954,0.969943617,-0.135253724,25,25
4188.892,2.295291494,4.200026954,0.970660097,-0.132029564,25,25
4193.892,2.233681728,4.200026954,0.971359069,-0.12888419,25,25
4198.892,2.183214154,4.200026954,0.972040741,-0.125816667,25,25
4203.891,2.12619235,4.200026954,0.972705481,-0.122825334,25,25
4208.892,2.073758506,4.200026954,0.973354187,-0.11990616,25,25
4213.892,2.02066924,4.200026954,0.973986104,-0.117062534,25,25
4218.891,1.977411319,4.200026954,0.974603107,-0.114286018,25,25
4223.892,1.92170036,4.200026954,0.975203747,-0.11158314,25,25
4228.892,1.875820747,4.200026954,0.975789372,-0.108947826,25,25
4233.891,1.825353173,4.200026954,0.976360443,-0.106378006,25,25
4238.892,1.776196445,4.200026954,0.97691626,-0.103876831,25,25
4243.892,1.732283101,4.199835163,0.977458071,-0.101438681,25,25
4248.892,1.68902518,4.200026954,0.977986227,-0.099061979,25,25
4253.892,1.642490144,4.200026954,0.97850049,-0.096747796,25,25
4258.892,1.601198493,4.200026954,0.979001386,-0.094493763,25,25
4263.891,1.565805648,4.200026954,0.979489913,-0.09229539,25,25
4268.892,1.517304343,4.199835163,0.979965456,-0.090155449,25,25
4273.891,1.480600653,4.200026954,0.980428249,-0.088072881,25,25
4278.892,1.44127527,4.200026954,0.980878382,-0.086047281,25,25
4283.891,1.406537849,4.200026954,0.981317647,-0.084070588,25,25
4288.891,1.369834159,4.200026954,0.981745419,-0.082145614,25,25
4293.892,1.329853353,4.199835163,0.9821622,-0.080270102,25,25
4298.892,1.301014739,4.200026954,0.982568592,-0.078441337,25,25
4303.891,1.259723087,4.199835163,0.98296259,-0.076668345,25,25
4308.892,1.232850743,4.199835163,0.983347215,-0.074937534,25,25
4313.892,1.200735014,4.199835163,0.983723228,-0.073245473,25,25
4318.892,1.167963862,4.200026954,0.984088901,-0.071599946,25,25
4323.891,1.139780671,4.200026954,0.984444484,-0.069999823,25,25
4328.891,1.105698673,4.200026954,0.984790966,-0.068440655,25,25
4333.891,1.080792597,4.200026954,0.985128492,-0.066921784,25,25
4338.892,1.05129856,4.200026954,0.985457631,-0.06544066,25,25
4343.892,1.022459946,4.200026954,0.985778221,-0.063998003,25,25
4348.891,0.997553871,4.200026954,0.986089937,-0.062595285,25,25
4353.892,0.972647795,4.200026954,0.986394079,-0.061226643,25,25
4358.891,0.946430873,4.199835163,0.986690371,-0.059893333,25,25
4363.892,0.922180221,4.199835163,0.986978688,-0.058595902,25,25
4368.891,0.898584991,4.199835163,0.987259548,-0.057332036,25,25
4373.892,0.874989762,4.200026954,0.987532919,-0.056101863,25,25
4378.892,0.851394532,4.200026954,0.987799306,-0.054903124,25,25
4383.892,0.832387264,4.200026954,0.988059584,-0.053731871,25,25
4388.892,0.811413726,4.199835163,0.988312964,-0.052591664,25,25
4393.892,0.796338997,4.200026954,0.988561236,-0.051474438,25,25
4398.891,0.767500383,4.200026954,0.988802261,-0.050389824,25,25
4403.891,0.750459384,4.199835163,0.989036498,-0.049335759,25,25
4408.892,0.732107538,4.199835163,0.989264836,-0.048308238,25,25
4413.892,0.709823155,4.199835163,0.989487385,-0.04730677,25,25
4418.892,0.695403848,4.199835163,0.989704278,-0.04633075,25,25
4423.892,0.679673695,4.199835163,0.989916936,-0.04537379,25,25
4428.892,0.662632696,4.199835163,0.99012353,-0.044444115,25,25
4433.892,0.648868812,4.200026954,0.990326011,-0.04353295,25,25
4438.892,0.629861544,4.199835163,0.99052269,-0.042647897,25,25
4443.892,0.616753083,4.199835163,0.990714679,-0.041783943,25,25
4448.891,0.598401238,4.200026954,0.990901664,-0.040942514,25,25
4453.892,0.588569892,4.200026954,0.991084629,-0.040119171,25,25
4458.892,0.572184316,4.199835163,0.991263171,-0.039315732,25,25
4463.892,0.557109586,4.199835163,0.991437852,-0.038529664,25,25
4468.891,0.544001125,4.199835163,0.991607779,-0.037764992,25,25
4473.892,0.53416978,4.199835163,0.991774029,-0.037016869,25,25
4478.892,0.519750473,4.199835163,0.991936306,-0.036286625,25,25
4483.891,0.505986589,4.199835163,0.992094977,-0.035572603,25,25
4488.892,0.493533551,4.199835163,0.992249132,-0.034878907,25,25
4493.892,0.485668474,4.199835163,0.99240073,-0.034196715,25,25
4498.891,0.473215437,4.200026954,0.992548155,-0.033533301,25,25
4503.891,0.463384091,4.200026954,0.992692499,-0.032883755,25,25
4508.892,0.454208168,4.199835163,0.99283415,-0.032246325,25,25
4513.892,0.441755131,4.200026954,0.992972358,-0.031624389,25,25
4518.892,0.430612939,4.199835163,0.993106578,-0.0310204,25,25
4523.892,0.422747862,4.199835163,0.993237823,-0.030429795,25,25
4528.891,0.414882786,4.200026954,0.99336688,-0.029849039,25,25
4533.891,0.402429748,4.199835163,0.993493141,-0.029280866,25,25
4538.892,0.39849721,4.199835163,0.993616622,-0.028725202,25,25
4543.892,0.385388749,4.199835163,0.993737385,-0.028181767,25,25
4548.892,0.378179095,4.199835163,0.993855053,-0.027652261,25,25
4553.892,0.370969442,4.199835163,0.993970497,-0.027132762,25,25
4558.892,0.35982725,4.199835163,0.994083539,-0.026624074,25,25
4563.891,0.353928443,4.199835163,0.994193645,-0.0261286,25,25
4568.891,0.345407943,4.199835163,0.994301563,-0.025642967,25,25
4573.891,0.337542867,4.199835163,0.994406919,-0.025168864,25,25
4578.892,0.330988636,4.199835163,0.994510432,-0.024703058,25,25
4583.891,0.325745252,4.200026954,0.994611785,-0.024246966,25,25
4588.892,0.318535599,4.199835163,0.994711236,-0.023799439,25,25
4593.892,0.313292214,4.199835163,0.994808749,-0.02336063,25,25
4598.892,0.30804883,4.199835163,0.994904926,-0.022927833,25,25
4603.892,0.29952833,4.199835163,0.994998682,-0.022505929,25,25
4608.891,0.2929741,4.199835163,0.995089752,-0.022096117,25,25
4613.891,0.28641987,4.199835163,0.995178851,-0.021695171,25,25
4618.892,0.283142754,4.199835163,0.995266779,-0.021299494,25,25
4623.892,0.275933101,4.199835163,0.995352607,-0.020913268,25,25
4628.891,0.270689717,4.199835163,0.995437229,-0.020532468,25,25
4633.891,0.266101755,4.199835163,0.995520041,-0.020159816,25,25
4638.892,0.260858371,4.199835163,0.99560122,-0.019794512,25,25
4643.891,0.25627041,4.199835163,0.995681244,-0.0194344,25,25
4648.891,0.251682448,4.199835163,0.995759485,-0.019082317,25,25
4653.891,0.243817372,4.200026954,0.995836239,-0.018736923,25,25
4658.891,0.237918564,4.199835163,0.995910566,-0.018402454,25,25
4663.892,0.235952295,4.199835163,0.995983766,-0.018073051,25,25
4668.891,0.232019757,4.199835163,0.996055925,-0.01774834,25,25
4673.892,0.228742642,4.199835163,0.996127222,-0.017427499,25,25
4678.892,0.222188411,4.199643372,0.99619713,-0.017112916,25,25
4683.892,0.219566719,4.199835163,0.996265553,-0.016805009,25,25
4688.892,0.216289604,4.199835163,0.996332678,-0.016502948,25,25
4693.892,0.213012489,4.199835163,0.996398294,-0.016207679,25,25
4698.892,0.210390797,4.199835163,0.996463315,-0.015915085,25,25
4703.892,0.207113681,4.199835163,0.996527854,-0.015624659,25,25
4708.892,0.201214874,4.199835163,0.996590476,-0.015342857,25,25
4713.892,0.197282336,4.199835163,0.9966517,-0.015067351,25,25
4718.892,0.198593182,4.199835163,0.99671281,-0.014792355,25,25
4723.892,0.192694374,4.199835163,0.996773253,-0.014520362,25,25
4728.892,0.188761836,4.199835163,0.996832193,-0.014255133,25,25
4733.892,0.18089676,4.199835163,0.996889151,-0.01399882,25,25
4738.891,0.182863029,4.199835163,0.996945343,-0.013745955,25,25
4743.891,0.176964221,4.199643372,0.997000885,-0.013496017,25,25
4748.892,0.174997952,4.199835163,0.997055798,-0.013248909,25,25
4753.891,0.173031683,4.199643372,0.997109578,-0.013006899,25,25
4758.892,0.171065414,4.199835163,0.997163013,-0.012766439,25,25
4763.891,0.169099145,4.199643372,0.997215371,-0.012530831,25,25
4768.891,0.16582203,4.199835163,0.997266876,-0.012299058,25,25
4773.892,0.161234068,4.199835163,0.997317018,-0.012073419,25,25
4778.891,0.159267799,4.199835163,0.997366337,-0.011851484,25,25
4783.891,0.158612376,4.199835163,0.997415108,-0.011632012,25,25
4788.892,0.15730153,4.199835163,0.997463684,-0.01141342,25,25
4793.892,0.1507473,4.199835163,0.997510644,-0.0112021,25,25
4798.891,0.1507473,4.199835163,0.997557367,-0.010991847,25,25
4803.891,0.148781031,4.199643372,0.997603801,-0.010782896,25,25
4808.892,0.144193069,4.199835163,0.997649128,-0.010578923,25,25
4813.892,0.140915954,4.199835163,0.997693092,-0.010381084,25,25
4818.892,0.137638839,4.199835163,0.997736078,-0.010187649,25,25
4823.891,0.136983416,4.199835163,0.997778814,-0.009995338,25,25
4828.892,0.136327993,4.199835163,0.99782122,-0.009804512,25,25
4833.892,0.136327993,4.199835163,0.997863447,-0.009614486,25,25
4838.891,0.133706301,4.199835163,0.997905237,-0.009426433,25,25
4843.892,0.132395455,4.199835163,0.997946592,-0.009240337,25,25
4848.891,0.129773762,4.199835163,0.997987066,-0.009058202,25,25
4853.892,0.127807493,4.199835163,0.998026774,-0.008879517,25,25
4858.892,0.12715207,4.199835163,0.99806581,-0.008703857,25,25
4863.891,0.125185801,4.199835163,0.998104715,-0.008528782,25,25
4868.892,0.117976148,4.199643372,0.998142402,-0.008359192,25,25
4873.892,0.12059784,4.199835163,0.998179651,-0.008191569,25,25
4878.892,0.118631571,4.199835163,0.998216516,-0.008025676,25,25
4883.892,0.114699032,4.199835163,0.998252579,-0.007863395,25,25
4888.892,0.114699032,4.199835163,0.998287963,-0.007704168,25,25
4893.891,0.116009879,4.199835163,0.998323563,-0.007543966,25,25
4898.892,0.109455648,4.199643372,0.998358449,-0.007386977,25,25
4903.891,0.111421917,4.199643372,0.998392709,-0.00723281,25,25
4908.892,0.110111071,4.199835163,0.998426893,-0.007078984,25,25
4913.892,0.106178533,4.199835163,0.998460052,-0.006929765,25,25
4918.892,0.109455648,4.199835163,0.998493318,-0.006780067,25,25
4923.891,0.107489379,4.199835163,0.998526221,-0.006632008,25,25
4928.891,0.104212264,4.199835163,0.998558825,-0.006485288,25,25
4933.891,0.101590572,4.199835163,0.998590294,-0.006343678,25,25
4938.892,0.098968879,4.199835163,0.998621852,-0.006201667,25,25
4943.891,0.102245995,4.199643372,0.998652846,-0.006062192,25,25
4948.892,0.100279725,4.199835163,0.998684367,-0.00592035,25,25
4953.891,0.100935149,4.199835163,0.998715044,-0.005782301,25,25
4958.892,0.095036341,4.199835163,0.998745283,-0.005646228,25,25
4963.892,0.095036341,4.199835163,0.998774697,-0.005513862,25,25
4968.891,0.092414649,4.199835163,0.998803669,-0.005383489,25,25
4973.892,0.092414649,4.199835163,0.998831943,-0.005256258,25,25
4978.892,0.091103803,4.199835163,0.998860197,-0.005129113,25,25
4983.892,0.089792957,4.199643372,0.998888064,-0.005003714,25,25
4988.892,0.088482111,4.199835163,0.998915914,-0.004878386,25,25
4993.891,0.091103803,4.199835163,0.998943924,-0.004752343,25,25
4998.892,0.087826688,4.199835163,0.99897162,-0.004627711,25,25
5003.892,0.084549572,4.199643372,0.99899841,-0.004507157,25,25
5008.892,0.085204996,4.199835163,0.999024734,-0.004388698,25,25
5013.892,0.085860419,4.199835163,0.999051011,-0.004270449,25,25
5018.892,0.083894149,4.199643372,0.99907724,-0.004152419,25,25
5023.892,0.085860419,4.199835163,0.999103322,-0.004035051,25,25
5028.892,0.078650765,4.199835163,0.999128841,-0.003920217,25,25
5033.891,0.081272457,4.199835163,0.999153634,-0.003808648,25,25
5038.892,0.079306188,4.199835163,0.999178055,-0.003698752,25,25
5043.892,0.077995342,4.199835163,0.999202877,-0.003587054,25,25
5048.892,0.079961611,4.199835163,0.999227101,-0.003478044,25,25
5053.892,0.077995342,4.199835163,0.999251612,-0.003367748,25,25
5058.892,0.076029073,4.199835163,0.999275369,-0.003260838,25,25
5063.892,0.072751958,4.199835163,0.999298314,-0.003157586,25,25
5068.892,0.074062804,4.199835163,0.999320839,-0.003056225,25,25
5073.892,0.072751958,4.199835163,0.999343388,-0.002954752,25,25
5078.892,0.073407381,4.199835163,0.99936592,-0.002853359,25,25
5083.892,0.072751958,4.199835163,0.999388043,-0.002753806,25,25
5088.891,0.073407381,4.199835163,0.999410525,-0.002652637,25,25
5093.892,0.068819419,4.199835163,0.999432543,-0.002553557,25,25
5098.892,0.072751958,4.199835163,0.999454416,-0.002455128,25,25
5103.891,0.068163996,4.199835163,0.999475902,-0.002358441,25,25
5108.891,0.064231458,4.199835163,0.999496393,-0.002266234,25,25
5113.891,0.06685315,4.199835163,0.999516537,-0.002175583,25,25
5118.892,0.068163996,4.199835163,0.999537618,-0.002080718,25,25
5123.892,0.069474842,4.199835163,0.999558938,-0.001984778,25,25
5128.892,0.063576035,4.199835163,0.999579656,-0.001891549,25,25
5133.892,0.06685315,4.199835163,0.999599561,-0.001801975,25,25
5138.892,0.063576035,4.199835163,0.999619669,-0.00171149,25,25
5143.892,0.063576035,4.199835163,0.999639271,-0.00162328,25,25
5148.891,0.063576035,4.199835163,0.999659047,-0.00153429,25,25
5153.891,0.064886881,4.199835163,0.999678828,-0.001445276,25,25
5158.892,0.061609766,4.199835163,0.999698215,-0.001358031,25,25
5163.891,0.060954343,4.199835163,0.999717424,-0.001271591,25,25
5168.892,0.061609766,4.199835163,0.999736362,-0.001186371,25,25
5173.891,0.060954343,4.199835163,0.999755312,-0.001101094,25,25
5178.892,0.058988074,4.199835163,0.999773777,-0.001018004,25,25
5183.892,0.058332651,4.199835163,0.999791873,-0.000936574,25,25
5188.892,0.058988074,4.199835163,0.999810028,-0.000854874,25,25
5193.892,0.059643497,4.199835163,0.999828562,-0.000771471,25,25
5198.892,0.058332651,4.199835163,0.999846934,-0.000688797,25,
5203.891,0.057677228,4.199835163,0.999864907,-0.000607919,25,25
5208.891,0.057677228,4.199835163,0.999882712,-0.000527796,25,25
5213.892,0.057021805,4.199835163,0.99990037,-0.000448337,25,25
5218.892,0.056366382,4.199835163,0.99991791,-0.000369407,25,25
5223.891,0.055710959,4.199835163,0.999935209,-0.000291558,25,25
5228.891,0.051122997,4.199835163,0.999951428,-0.000218573,25,25
5233.891,0.052433843,4.199835163,0.999967279,-0.000147246,25,25
5238.892,0.050467574,4.199835163,0.999983074,-7.62E-05,25,25
5243.891,0.053089266,4.199835163,0.999999083,-4.13E-06,25,25
5248.892,0.05177842,4.199835163,1.0000158,7.11E-05,25,25
5253.891,0.050467574,4.199835163,1.000031711,0.000142699,25,25
5258.892,0.047845882,4.199835163,1.000047134,0.000212102,25,25
5263.891,0.048501305,4.199835163,1.000062124,0.000279556,25,25
5268.892,0.049156728,4.199835163,1.000077027,0.000346619,25,25
5273.891,0.051122997,4.199835163,1.000092572,0.000416572,25,25
